index,palavra
0,de
1,a
2,o
3,e
4,que
5,do
6,da
7,em
8,para
9,com
10,um
11,no
12,os
13,não
14,uma
15,na
16,é
18,se
19,dos
20,por
22,as
23,ao
24,mais
25,como
26,à
27,foi
28,das
29,sua
30,pelo
31,seu
32,ou
33,ser
34,pela
35,mas
37,ele
38,nos
39,sobre
40,governo
41,entre
42,também
43,são
44,já
45,era
46,até
47,paulo
48,tem
51,está
52,anos
53,dia
54,ano
55,brasil
56,ainda
58,mesmo
60,muito
61,quando
62,presidente
63,disse
64,eu
65,rio
66,sem
68,seus
69,aos
70,nas
72,às
73,só
74,dois
75,depois
77,há
78,contra
79,ter
80,pode
81,me
82,vai
84,ontem
85,isso
86,tempo
88,onde
89,foram
90,país
91,ela
92,folha
93,todos
94,porque
95,hoje
96,bem
98,vez
99,suas
100,diz
101,três
102,fazer
103,segundo
105,apenas
106,quem
107,grande
108,parte
109,primeiro
110,outros
111,mil
112,maior
113,casa
114,lhe
116,tinha
117,vida
118,então
119,estado
120,menos
121,dias
122,pessoas
123,estava
124,tudo
125,sempre
126,duas
127,outro
128,estão
129,assim
130,josé
131,política
133,nem
135,cidade
136,será
138,todo
139,esse
140,novo
141,essa
143,cada
144,deve
145,nacional
146,caso
147,pelos
148,primeira
149,mundo
150,antes
151,trabalho
152,deputado
153,janeiro
154,meu
156,tão
157,pouco
158,minha
159,qual
160,câmara
161,este
162,milhões
163,durante
164,desde
165,mês
167,agora
168,você
169,havia
171,teve
172,ministro
173,forma
174,melhor
175,sendo
176,lado
178,outubro
179,carlos
181,qualquer
182,lá
183,eles
184,nova
185,mercado
186,partir
187,nada
188,partido
189,final
190,vezes
191,outra
192,projeto
193,seja
194,fim
195,quatro
196,coisa
197,joão
198,grupo
199,meio
201,num
202,seguinte
203,gente
204,local
205,fez
206,empresa
207,federal
209,sido
210,nome
211,fernando
212,novembro
213,homem
214,alguns
215,seria
216,empresas
217,toda
218,reportagem
219,esta
220,outras
221,faz
223,aqui
224,exemplo
225,todas
227,têm
228,após
230,noite
231,processo
232,fora
233,quase
234,história
235,ver
236,eua
237,direito
238,público
239,acordo
240,mesma
241,mulher
242,lugar
243,meses
244,programa
245,candidato
246,passado
247,afirmou
248,república
249,congresso
250,semana
251,comissão
253,numa
254,março
255,relação
256,cinco
257,dar
258,sistema
259,dizer
260,poder
261,cerca
262,campanha
263,quer
264,início
265,momento
266,brasília
267,movimento
268,número
269,pelas
270,olhos
271,além
272,justiça
273,mandato
275,diretor
276,dinheiro
277,filho
278,pois
279,passou
280,brasileira
282,fato
283,fevereiro
284,dezembro
285,brasileiro
286,henrique
287,banco
289,frente
290,porém
291,dentro
292,sob
293,livro
294,lei
295,conta
296,podem
297,período
298,jogo
299,ficou
300,desse
301,bom
302,abril
303,tanto
304,maio
305,área
306,maria
307,cargo
308,silva
309,próprio
310,julho
311,nunca
312,logo
313,eram
314,preços
315,grandes
316,eleições
317,capital
318,horas
319,fhc
321,nós
322,estados
323,apoio
324,pai
325,deste
326,produção
327,ministério
328,ponto
329,verdade
330,volta
332,recursos
333,último
334,tarde
335,setor
336,países
337,fosse
338,através
339,morte
340,sul
341,equipe
342,quanto
343,possível
344,problema
345,região
346,vem
347,antônio
348,agosto
349,enquanto
350,feito
351,sp
354,junho
355,aí
357,setembro
358,família
359,vão
360,hora
361,idéia
362,pt
363,eleito
364,maioria
365,valor
366,pontos
367,filme
368,situação
369,alguma
370,deu
371,governador
372,coisas
373,problemas
374,chegou
375,teria
376,falta
377,época
378,real
379,estadual
380,algumas
381,ação
382,questão
383,santos
384,jornal
385,tipo
387,homens
388,especial
389,inflação
390,time
391,estar
392,rua
393,economia
394,disso
395,aumento
396,tal
397,afirma
398,universidade
399,plano
400,boa
401,causa
402,social
403,sociedade
404,média
405,mão
406,sentido
407,dessa
409,dá
410,polícia
411,nossa
412,música
414,seis
415,pmdb
416,mãe
417,cabeça
418,junto
419,última
420,dez
421,saber
422,própria
423,prazo
424,nosso
425,proposta
426,pra
427,segunda
428,principal
429,começou
430,sucursal
431,lula
432,decisão
433,senado
434,sabe
435,francisco
436,pesquisa
437,deus
438,senhor
439,mal
440,cardoso
441,serão
442,preciso
443,presidência
444,amor
445,dele
446,mim
447,importante
448,geral
449,reforma
451,ficar
452,fica
455,nesse
457,criação
458,algum
459,isto
460,base
461,muitos
462,quais
463,militar
464,obra
465,bilhões
466,tv
467,político
468,legenda
469,secretário
470,produtos
471,pedro
472,votos
473,falar
474,corpo
475,luís
477,novos
478,modo
479,papel
480,vargas
482,feita
483,certo
484,senador
485,minas
486,neste
487,técnico
488,brasileiros
489,resultado
490,principais
491,medida
493,tendo
494,constituição
495,direção
496,poderia
497,ali
498,juros
499,terra
500,políticos
501,devem
502,condições
503,campo
504,pessoa
505,deixou
506,água
507,ir
508,total
509,vários
510,últimos
511,si
512,filhos
513,carro
514,pública
515,mulheres
516,forte
517,zona
518,instituto
519,parece
520,crise
522,diante
523,força
526,luiz
527,texto
528,ninguém
530,aquele
531,saúde
532,sei
533,estavam
534,ia
535,roberto
536,defesa
537,fazenda
538,vista
539,linha
540,preço
541,econômica
542,alta
543,objetivo
544,amigo
545,atual
546,guerra
547,mãos
548,tenho
549,psdb
550,espaço
551,chefe
553,desta
554,serviço
555,maneira
556,esses
557,obras
558,embora
559,muitas
560,filha
561,for
562,curso
563,deles
564,próximo
565,novas
567,nasceu
568,maiores
569,união
570,unidos
571,crianças
572,seleção
573,imprensa
574,único
575,demais
576,líder
577,talvez
578,essas
579,palavras
580,uso
581,vitória
582,desenvolvimento
583,reunião
584,coração
586,informação
587,serviços
588,venda
589,nenhum
590,terá
591,central
592,posição
593,participação
595,casos
596,oposição
597,informações
599,regime
600,tenha
601,futuro
602,candidatura
603,ordem
604,general
605,centro
606,favor
607,contrário
608,longo
609,futebol
611,elas
612,população
613,queda
614,anterior
615,eleição
616,respeito
617,segurança
618,conselho
620,aquela
621,dados
622,chegar
623,primeiros
625,professor
626,assumiu
627,bancos
628,voz
629,velho
630,manhã
631,exército
632,ar
634,tribunal
635,povo
636,jogadores
637,várias
638,simples
639,militares
640,deixar
641,minutos
642,conseguiu
644,mostra
645,autor
646,oliveira
647,qualidade
648,franco
649,membro
650,posse
651,houve
652,fundo
653,rede
654,funcionários
655,entanto
656,cinema
657,sim
658,modelo
659,função
661,copa
662,porta
663,te
665,muita
666,fase
667,controle
668,santa
669,razão
671,século
672,fazendo
673,principalmente
674,eduardo
675,prefeito
677,alto
678,difícil
679,cultura
681,menor
682,imagem
683,eleitoral
684,campos
685,podia
686,medidas
687,costa
689,recebeu
690,série
691,ações
692,arte
693,itamar
695,secretaria
696,partidos
697,entrar
698,oito
699,pessoal
700,paulista
701,trabalhos
702,pleito
703,caminho
704,crescimento
706,bahia
707,artigo
708,américa
709,oficial
710,título
711,poderá
712,tinham
713,grupos
714,amanhã
715,única
716,internacionais
717,administração
718,voltou
719,passar
720,deputados
721,crime
722,pfl
723,sala
726,precisa
727,forças
728,necessidade
729,escola
730,lima
731,compra
732,dela
733,sete
734,existe
735,atividades
736,palavra
737,york
738,construção
740,domingo
741,associação
742,encontro
743,partida
744,km
745,nessa
746,presença
747,nesta
748,apesar
749,direitos
750,ocasião
751,prefeitura
752,acabou
753,sucesso
754,internacional
755,longe
756,pedido
758,jorge
759,juiz
760,luz
761,taxa
762,seguida
763,indústria
764,sair
765,interesse
766,sociais
767,luta
768,diferentes
769,abertura
770,vou
771,possibilidade
772,veio
773,passa
774,políticas
776,sou
777,programas
778,europa
780,evitar
781,candidatos
783,pagamento
785,opinião
786,torno
787,interior
788,claro
789,alma
790,nenhuma
791,amigos
792,médico
793,assunto
794,realidade
795,efeito
796,meus
797,nº
798,carta
799,argentina
801,mínimo
802,pereira
803,quarto
804,natureza
806,trabalhar
807,pé
809,entrada
811,formação
812,collor
813,olhar
814,comercial
815,nível
816,organização
818,participou
819,manter
820,queria
821,marido
822,somente
823,urv
824,conhecimento
825,quadro
826,livre
828,entrevista
829,frança
830,carreira
831,responsável
832,salários
833,estou
834,deveria
835,fazem
836,mundial
837,desses
838,públicos
839,áreas
841,senhora
842,bastante
843,livros
844,projetos
845,gerais
846,anteontem
847,porto
848,vontade
849,gomes
850,relações
851,pena
852,educação
853,jogador
854,espírito
855,revista
856,começa
857,distrito
858,comum
859,carros
860,próxima
861,entrou
862,bc
863,faculdade
864,viagem
866,democrático
867,atrás
869,parlamentares
870,pagar
871,filmes
872,fazia
873,experiência
874,levar
875,trabalhadores
876,idade
877,devido
878,globo
879,atenção
880,espécie
881,passada
883,receber
884,poucos
885,superior
887,uns
888,vendas
889,exterior
890,temos
891,moça
893,mudança
894,esquerda
895,resultados
896,prática
897,cuja
898,saiu
899,cara
900,algo
901,cadeira
902,custo
903,prisão
904,setores
905,renda
906,acesso
907,festa
908,acho
909,acima
910,daquele
911,dólar
912,discurso
913,dívida
914,deverá
915,nomeado
916,levou
917,risco
918,via
919,inclusive
920,década
921,liberdade
922,alberto
923,alguém
924,turno
925,produto
926,salário
927,portanto
928,titular
929,norte
930,redução
931,sarney
932,redação
933,fala
934,itália
935,conjunto
937,assembléia
938,antonio
939,perto
940,cima
941,capacidade
942,pretende
943,viu
944,policiais
946,votação
947,cidades
948,vinha
949,peças
950,reais
951,mário
952,agência
954,índice
955,criar
956,tomar
957,popular
958,operação
959,estudo
961,tentar
962,nota
963,estudos
964,econômico
965,atividade
966,membros
967,necessário
969,the
970,atuação
972,violência
973,voto
974,tema
975,contas
976,lista
977,edição
978,paris
979,certa
980,mesa
981,sangue
982,teatro
983,chamado
984,acha
985,comércio
986,chega
987,prova
988,agências
989,nomes
990,advogado
991,moeda
992,dúvida
994,novamente
995,respondeu
996,alves
997,comando
998,data
999,tempos
1000,sábado
1001,dizia
1002,consumo
1003,melhores
1004,imagens
1005,crédito
1007,voltar
1008,peça
1009,diferença
1010,banda
1011,sérgio
1012,busca
1014,fui
1015,termos
1016,meia
1017,alemanha
1018,órgão
1019,presente
1020,haviam
1021,i
1022,ah
1023,continua
1024,financeiro
1025,terceiro
1026,saída
1027,nossos
1029,irmão
1030,resposta
1031,washington
1032,pequeno
1033,vamos
1034,ambos
1035,versão
1036,vê
1037,tivesse
1038,ataque
1039,emenda
1040,feitas
1041,greve
1042,santo
1043,ruas
1044,pequena
1045,cujo
1046,escolas
1047,empresários
1048,criança
1049,dessas
1050,gestão
1051,existência
1052,jornais
1053,magalhães
1054,espera
1055,tiveram
1057,estaduais
1058,rosto
1059,medo
1060,jogos
1061,pediu
1062,legislatura
1063,baixo
1064,investimentos
1066,motivo
1067,quero
1068,gol
1069,realizada
1070,diferente
1071,ii
1072,fácil
1073,dado
1074,material
1075,importância
1076,evento
1078,casas
1079,getúlio
1080,cm
1081,mudanças
1082,contrato
1083,capaz
1084,departamento
1085,marca
1086,acontece
1087,visão
1088,conhecido
1089,carvalho
1090,césar
1091,ptb
1092,sol
1093,sejam
1094,posto
1095,entidade
1096,documento
1097,civil
1098,princípio
1099,aqueles
1100,sede
1101,pobre
1102,ciência
1103,disco
1104,serem
1105,solução
1106,mar
1107,cpi
1108,diversos
1109,municipal
1110,constitucional
1111,méxico
1114,participar
1116,origem
1117,natural
1118,comunicação
1119,energia
1121,técnica
1122,importantes
1123,estrutura
1124,companhia
1125,volume
1126,inglês
1127,souza
1128,questões
1129,encontrar
1130,café
1131,bola
1132,caráter
1133,entretanto
1134,gosto
1135,classe
1136,idéias
1137,passo
1138,disputa
1139,telefone
1140,pais
1141,discussão
1142,instituições
1144,criado
1145,preso
1146,pensar
1147,sabia
1148,paraná
1149,haver
1150,usar
1151,negócios
1152,diversas
1154,públicas
1155,aconteceu
1157,decidiu
1158,paz
1159,ônibus
1161,traz
1162,iniciativa
1163,melo
1164,ato
1166,tais
1167,tomou
1168,boca
1169,ribeiro
1171,reformas
1172,troca
1174,pensamento
1175,líderes
1176,ouro
1177,vaga
1178,estes
1179,parecia
1180,regras
1181,esteve
1182,realizado
1183,fundação
1184,vale
1185,títulos
1186,dificuldades
1188,perder
1189,delas
1190,estas
1191,ferreira
1192,constituinte
1193,presos
1194,expressão
1195,clube
1196,intervenção
1197,condição
1198,abaixo
1199,rodrigues
1200,recife
1201,jogar
1203,andar
1204,baixa
1205,formas
1206,ensino
1207,combate
1208,jovens
1209,ajuda
1210,velha
1211,deixa
1212,estamos
1214,japão
1215,francês
1216,aprovação
1217,palmeiras
1218,ficaram
1219,céu
1220,cena
1221,mostrar
1222,jornalista
1223,casamento
1224,maluf
1225,propostas
1226,naquele
1227,estilo
1229,ambiente
1230,crítica
1231,stf
1232,taxas
1233,perdeu
1234,comprar
1236,dando
1237,interesses
1238,show
1239,ricardo
1240,instituição
1241,valores
1242,of
1243,negócio
1244,fizeram
1245,quis
1246,previdência
1247,visto
1248,perguntou
1249,jovem
1250,operações
1251,alegre
1252,branco
1253,augusto
1254,salvador
1255,tratamento
1257,emprego
1258,seriam
1259,obteve
1260,realmente
1261,direita
1262,quércia
1263,elementos
1264,manuel
1265,armas
1266,querem
1267,sobretudo
1268,tentativa
1269,cultural
1270,delegado
1271,aumentar
1273,oficiais
1274,continuar
1275,televisão
1276,profissional
1277,pdt
1278,escolha
1279,ganhar
1280,posso
1281,contar
1282,alunos
1283,contato
1284,semanas
1285,acaba
1286,pernambuco
1287,lojas
1288,linguagem
1289,metade
1290,acusado
1291,nacionais
1292,ministros
1293,passagem
1294,som
1296,morreu
1297,responsabilidade
1298,andrade
1299,distribuição
1300,análise
1301,nove
1302,debate
1303,aquilo
1304,artistas
1306,fiscal
1307,empresário
1308,pesquisas
1309,falou
1310,memória
1312,linhas
1314,caiu
1315,visita
1316,seguir
1318,usp
1319,ouvir
1320,leva
1321,braços
1322,lançamento
1323,covas
1324,permite
1327,belo
1328,londres
1329,x
1331,significa
1333,pés
1334,orçamento
1335,pedir
1336,meios
1337,locais
1338,fundos
1339,imposto
1340,considerado
1341,brasileiras
1342,literatura
1343,avaliação
1344,especialmente
1345,federação
1346,representantes
1347,ocorreu
1348,m
1349,leitor
1350,bens
1351,artista
1352,grau
1354,americano
1356,tecnologia
1357,conseguir
1358,silêncio
1359,apresentou
1360,primeiras
1361,município
1362,língua
1363,certeza
1365,tornou
1366,almeida
1367,profissionais
1368,chamada
1369,mudar
1370,doença
1371,psd
1372,assumir
1373,passando
1374,funções
1375,possa
1376,impostos
1377,pior
1379,partes
1380,ganhou
1381,escritor
1382,próprios
1383,serra
1384,ana
1385,procura
1386,andré
1388,marcelo
1389,brizola
1390,igual
1391,computador
1392,trata
1393,efeitos
1394,câmbio
1395,vivo
1396,moda
1399,fogo
1400,milhão
1401,ora
1402,exercício
1403,humanos
1404,coronel
1405,figura
1406,bancada
1407,acredita
1408,tendência
1409,relatório
1410,tu
1411,objeto
1412,goulart
1413,costas
1414,resto
1415,números
1416,presidencial
1417,barros
1418,rapaz
1419,abrir
1420,intenção
1421,próximos
1424,pequenos
1425,realização
1426,influência
1428,máximo
1429,técnicos
1430,apresentar
1431,declarou
1432,críticas
1433,viver
1434,negociações
1435,planos
1436,peso
1437,desejo
1439,horizonte
1440,dizendo
1441,esquema
1442,matéria
1443,órgãos
1444,esforço
1446,morto
1448,bairro
1449,consciência
1450,revisão
1451,conversa
1452,colocar
1453,prevê
1454,revolução
1455,aliança
1456,neves
1457,obter
1458,continuou
1459,preocupação
1460,estrangeiros
1461,fechou
1462,municípios
1463,rádio
1464,processos
1467,executivo
1468,legislativa
1470,daquela
1471,lhes
1472,terceira
1473,anunciou
1475,legislação
1477,famílias
1478,original
1479,ler
1480,flamengo
1481,grave
1482,pressão
1484,antigo
1485,vi
1486,metros
1488,entender
1489,machado
1490,médio
1491,menina
1493,dava
1494,governos
1495,desempenho
1496,cruz
1497,momentos
1498,quê
1499,feliz
1500,parlamentar
1501,contratos
1502,criou
1503,chão
1504,dizem
1505,particular
1506,começar
1507,criada
1508,devia
1509,castro
1510,páginas
1511,padre
1512,garantir
1513,teoria
1514,veículos
1515,personagens
1516,comissões
1517,nossas
1518,gabinete
1519,miguel
1520,rj
1521,onu
1522,professores
1523,fundamental
1524,sai
1525,mortos
1526,conforme
1527,escrever
1528,suplente
1529,igreja
1530,comunidade
1531,leis
1533,corrupção
1534,representação
1535,neto
1536,praticamente
1537,nordeste
1538,exposição
1539,promovido
1540,afinal
1541,artigos
1542,senão
1543,passaram
1545,cair
1547,negro
1548,cargos
1549,liberal
1550,impossível
1552,coluna
1554,mesmos
1556,documentos
1557,assembleia
1558,joaquim
1560,julgamento
1561,jantar
1562,cor
1563,triste
1564,sessão
1565,poeta
1566,entidades
1567,explica
1568,altura
1569,podemos
1570,comandante
1571,dono
1572,esperar
1573,loja
1574,gastos
1575,personagem
1576,carioca
1577,comigo
1578,reeleição
1579,cunha
1580,geração
1581,sinal
1582,mato
1583,hospital
1584,colégio
1585,começo
1586,semelhante
1587,máquina
1588,enorme
1589,industrial
1591,física
1592,português
1593,praça
1594,notícia
1595,corinthians
1596,agricultura
1597,acabar
1598,grosso
1599,existem
1600,avenida
1601,apresenta
1602,terão
1603,vila
1604,oeste
1605,federais
1606,drogas
1607,estabilidade
1608,realizar
1609,fatos
1610,conhecer
1611,júnior
1612,propriedade
1613,teriam
1614,confiança
1615,moreira
1616,bons
1617,mg
1618,daí
1620,romance
1621,soares
1622,barbosa
1623,votou
1624,internet
1625,alemão
1626,martins
1627,investimento
1628,representante
1629,cá
1630,exatamente
1632,barreto
1633,naquela
1634,corte
1635,privatização
1637,estréia
1638,externa
1639,discutir
1641,deixando
1642,petróleo
1643,aires
1645,temas
1646,unidades
1647,equipamentos
1648,legal
1649,diretamente
1650,tradição
1652,atacante
1653,fluminense
1654,informou
1655,leitura
1656,enviado
1657,portugal
1658,acidente
1660,lopes
1662,esperança
1663,nelson
1664,modelos
1665,mp
1666,conceito
1667,destino
1668,estudantes
1669,braço
1670,pm
1671,disposição
1673,udn
1674,romário
1675,opção
1676,rocha
1677,praia
1678,trabalhista
1680,vir
1681,latina
1682,cabo
1683,dólares
1684,iniciou
1685,cursos
1686,derrota
1687,manutenção
1688,inglaterra
1689,estatal
1690,custa
1691,espanha
1692,denúncias
1693,abriu
1694,consumidor
1696,paraíba
1697,israel
1698,médicos
1699,categoria
1701,prédio
1702,estaria
1703,menores
1704,seguintes
1706,parecer
1707,movimentos
1709,sorte
1710,entra
1711,pergunta
1712,tirar
1713,feitos
1715,custos
1716,apresentação
1717,estratégia
1718,r
1720,capitão
1721,regiões
1722,fossem
1723,soldados
1724,john
1725,foto
1726,atitude
1727,tornar
1729,cem
1730,permaneceu
1731,lançou
1733,face
1734,animais
1735,alegria
1736,vive
1737,humana
1738,massa
1739,gols
1740,borges
1741,minhas
1742,batista
1743,conflito
1745,negros
1746,representa
1747,clinton
1748,quantidade
1749,poderão
1750,estudante
1751,reserva
1752,privada
1753,botafogo
1754,espetáculo
1755,sindicato
1756,orientação
1757,declaração
1758,ceará
1759,textos
1760,oportunidade
1761,jamais
1762,impressão
1763,antiga
1764,convite
1765,clima
1766,policial
1767,reduzir
1768,exportações
1769,enfrentar
1770,dutra
1771,missão
1772,né
1773,pequenas
1774,liderança
1775,horário
1776,dor
1778,china
1779,haverá
1780,jeito
1781,inicial
1782,natal
1783,tentou
1785,comportamento
1788,completa
1789,diretoria
1790,pobres
1791,receita
1792,humano
1794,perda
1795,execução
1796,simplesmente
1797,proteção
1798,prazer
1799,aplicação
1800,publicado
1801,terras
1802,planejamento
1803,amaral
1804,inquérito
1805,casado
1806,democracia
1807,despesas
1808,margem
1809,ausência
1811,vender
1812,http
1813,hotel
1814,recurso
1815,tese
1816,lugares
1817,instante
1818,financiamento
1819,cenário
1820,golpe
1821,teu
1822,aspecto
1823,velocidade
1824,recebe
1825,extinção
1827,lançado
1829,chapa
1830,reajuste
1831,importações
1832,alimentos
1833,defender
1834,autoridades
1835,lembra
1836,começaram
1837,sonho
1838,últimas
1839,tipos
1840,vantagem
1841,vídeo
1842,tropas
1843,aparece
1844,especiais
1845,reação
1846,moradores
1847,temporada
1848,aprovado
1850,rosa
1851,ritmo
1852,poesia
1853,limite
1854,ficam
1855,beleza
1856,totalmente
1857,financeira
1858,janela
1859,italiano
1862,fonte
1863,escreveu
1864,expectativa
1865,carne
1866,normal
1867,tom
1868,exerceu
1869,cartas
1870,pinto
1871,vieira
1873,hipótese
1874,adversário
1876,ator
1877,filosofia
1878,trabalha
1880,graças
1881,madrugada
1882,menino
1883,boas
1884,monopólio
1885,longa
1886,morrer
1888,considera
1890,fernandes
1891,min
1892,explicar
1893,justamente
1894,cabelos
1895,estatais
1898,teixeira
1899,faixa
1900,ameaça
1901,resistência
1902,recebido
1904,aberto
1905,vencer
1906,interessante
1907,jornalistas
1909,chegaram
1910,inácio
1912,arts
1913,vereador
1914,decreto
1915,erro
1916,moral
1917,zé
1918,responsáveis
1919,relator
1920,aberta
1921,sucessão
1922,recente
1923,quebra
1924,mostrou
1925,motivos
1926,canto
1927,alexandre
1928,cedo
1929,clientes
1930,suficiente
1932,estabilização
1933,vocês
1934,marcos
1936,chama
1937,distância
1938,atendimento
1940,daqui
1941,implantação
1942,ferro
1943,estrada
1944,ideal
1945,ganha
1946,fábrica
1947,doutor
1948,dificuldade
1949,aliás
1950,objetos
1952,maurício
1953,consegue
1954,buscar
1955,mendes
1956,pará
1957,catarina
1958,renato
1959,autores
1960,músicas
1961,cores
1963,página
1964,iria
1965,publicação
1966,usado
1967,corrente
1968,moço
1969,veja
1970,ajudar
1974,peito
1975,bilhão
1977,contudo
1979,privado
1980,unidade
1981,enfim
1982,presentes
1983,verdadeiro
1984,favorável
1985,ramos
1986,instalação
1987,chegada
1988,vítimas
1989,instrumento
1990,vinte
1991,administrativa
1992,substituído
1993,assessor
1994,curto
1995,gilberto
1996,poderiam
1997,campinas
1998,campeonato
1999,exame
2000,monteiro
2001,júlio
2002,ponta
2003,passos
2004,tua
2005,tradicional
2006,gesto
2007,faleceu
2008,episódio
2009,tenham
2010,anteriores
2012,negociação
2013,graça
2014,caixa
2015,vice
2016,casal
2017,republicano
2018,paga
2019,ocorre
2020,tá
2021,palco
2022,sombra
2023,virtude
2024,prestes
2025,comerciais
2026,sentimento
2027,produzir
2028,provas
2029,pc
2030,razões
2031,tive
2032,arena
2033,nação
2034,sujeito
2035,reservas
2036,governadores
2037,supremo
2038,dito
2039,defendeu
2040,fortes
2041,figueiredo
2042,indicação
2043,verdadeira
2044,transporte
2046,destaque
2047,integrou
2048,limites
2050,imediatamente
2051,semestre
2052,and
2053,território
2054,guimarães
2055,formado
2056,bolsa
2057,oh
2058,tantos
2059,chamar
2060,breve
2061,umas
2062,altos
2063,importação
2064,cheio
2065,fotos
2067,finalmente
2068,impedir
2069,preto
2070,crimes
2071,marco
2072,conclusão
2073,flores
2074,regional
2075,pôde
2076,inteiro
2077,estará
2078,frase
2079,rússia
2080,deram
2081,vítima
2082,integrantes
2084,registro
2085,conhecida
2086,sistemas
2087,sousa
2088,acontecer
2089,expansão
2091,rápido
2092,propaganda
2094,vêm
2096,possui
2097,interna
2098,roupas
2099,coligação
2100,gustavo
2101,curitiba
2102,aids
2103,la
2104,contribuição
2105,sexo
2106,denúncia
2107,contou
2108,planalto
2109,concorrência
2110,gás
2111,mdb
2115,falando
2116,tanta
2117,coordenador
2118,prêmio
2120,lucro
2121,irmã
2122,atos
2123,reúne
2124,escolhido
2125,fiz
2127,amazonas
2128,áfrica
2129,tributária
2130,trás
2131,divisão
2132,financeiras
2133,pudesse
2134,jesus
2135,completamente
2136,aspectos
2137,parar
2138,estrangeiro
2139,cambial
2140,cama
2141,princípios
2142,declarações
2143,arrecadação
2144,déficit
2145,dirigentes
2146,vasco
2147,ingressou
2148,ocupar
2149,atualmente
2150,terreno
2152,retorno
2153,assessoria
2154,americana
2155,buenos
2156,demanda
2157,aquelas
2158,pds
2159,atriz
2161,musical
2162,maranhão
2163,referência
2164,dada
2165,tarefa
2166,tamanho
2167,oferece
2168,dão
2169,felicidade
2170,considerada
2171,substituição
2172,escrito
2173,populares
2174,surpresa
2176,gerente
2177,resolveu
2178,fonseca
2179,estudar
2180,capitais
2181,garantia
2183,repente
2184,investigação
2185,ppr
2186,nele
2188,promover
2189,dança
2190,histórias
2191,venceu
2192,exteriores
2193,americanos
2194,rs
2195,próprias
2196,poucas
2197,mau
2198,conversão
2199,antigos
2200,maciel
2201,servir
2202,inclui
2203,histórico
2204,quiser
2205,lembrar
2206,pasta
2207,medeiros
2208,atender
2209,rock
2210,resolver
2211,encontra
2212,paixão
2214,vagas
2215,bela
2216,marinha
2217,concluiu
2218,impacto
2219,máquinas
2220,rapidamente
2221,piloto
2222,fome
2223,fins
2224,lançar
2225,salarial
2226,águas
2227,sentir
2228,mudou
2230,encontrou
2231,ricupero
2232,definição
2233,lágrimas
2234,mídia
2235,senadores
2236,procurar
2237,atuais
2238,torna
2239,tenta
2240,sofreu
2241,realizadas
2242,in
2243,escritório
2244,depende
2245,tecido
2246,chefia
2247,formada
2248,ciências
2249,passava
2250,gosta
2251,autoridade
2252,santana
2253,campeão
2255,fleury
2256,depoimento
2257,divulgação
2258,amazônia
2259,diário
2261,embaixador
2262,características
2263,trânsito
2264,programação
2266,cd
2267,portas
2269,letras
2270,concessão
2271,petrobrás
2272,vendo
2273,palácio
2274,onda
2275,negra
2276,irmãos
2277,azul
2278,direta
2279,tela
2280,carga
2282,pinheiro
2283,leve
2284,inferior
2285,funcionamento
2286,termo
2287,vicente
2288,emendas
2289,bandas
2291,alternativa
2292,major
2293,tocar
2294,senna
2295,exploração
2296,pcb
2297,medicina
2298,assuntos
2299,exercer
2300,apresentado
2301,obrigado
2303,perigo
2304,interno
2305,exclamou
2308,mesmas
2309,aprovada
2310,sequer
2311,independente
2313,perspectiva
2314,correção
2315,competição
2316,produtores
2317,matar
2318,responder
2319,bandeirantes
2320,surgiu
2321,código
2322,correr
2323,ligado
2324,aceitar
2325,previsto
2326,tiros
2327,novela
2328,empréstimos
2329,abre
2330,papéis
2331,paulistas
2333,artur
2334,compromisso
2335,roupa
2336,ficava
2337,empregados
2338,deveriam
2339,protesto
2340,decisões
2341,vigor
2342,miranda
2343,procurou
2344,ilha
2345,democrática
2346,chico
2347,publicada
2348,goiás
2349,gênero
2350,direto
2351,acusação
2352,exceção
2353,poupança
2354,índices
2355,chance
2356,lábios
2357,francesa
2358,juntos
2359,provisória
2361,detalhes
2362,marcado
2363,iii
2364,patrimônio
2367,quadros
2368,notícias
2369,torcida
2370,leonardo
2371,castelo
2372,manifestação
2373,técnicas
2374,notas
2375,entrega
2376,etapa
2377,demissão
2378,querer
2379,tratar
2380,pede
2381,marcou
2382,intelectual
2384,basta
2385,almoço
2386,publicou
2387,perdido
2388,exige
2389,pista
2390,pele
2391,oscar
2392,contexto
2393,sentença
2394,disposto
2395,previsão
2396,municipais
2398,conferência
2399,cuidado
2400,passam
2402,chuva
2403,los
2404,sério
2405,tesouro
2406,treinador
2407,convenção
2408,coelho
2409,estádio
2410,paula
2411,agentes
2412,acaso
2413,partidária
2414,construir
2415,calor
2416,toneladas
2417,costura
2418,igualmente
2419,eleitorais
2420,chile
2421,dupla
2422,cumprir
2423,companheiros
2424,seguro
2425,dívidas
2426,chegando
2427,necessária
2428,propósito
2429,trabalhando
2430,somos
2431,fenômeno
2432,lacerda
2433,conhece
2434,tráfico
2435,helena
2436,revela
2437,marcada
2439,atores
2440,servidores
2441,funciona
2442,civis
2443,jobim
2444,festival
2445,dúvidas
2446,verde
2447,cliente
2448,mercosul
2450,tantas
2451,daqueles
2452,apoiar
2453,rei
2454,pl
2455,adversários
2456,agrária
2457,certamente
2458,postos
2459,frio
2461,rubens
2462,ligação
2463,apareceu
2464,legislativo
2465,pr
2466,pensa
2468,b
2469,reconhecimento
2470,avião
2471,instrumentos
2472,disputar
2474,objetivos
2475,definir
2476,recuperação
2477,verbas
2478,oferta
2479,culturais
2480,culpa
2481,redes
2482,elaboração
2483,diretores
2485,leite
2486,monetária
2487,vestido
2488,trazer
2489,certos
2490,provocou
2491,capítulo
2492,aulas
2493,conteúdo
2494,acompanhar
2496,sindicatos
2497,raul
2498,transmissão
2499,acusados
2500,montagem
2501,levado
2502,destes
2503,sabem
2504,regra
2505,gabriel
2506,eventos
2507,branca
2508,guanabara
2509,estivesse
2510,assis
2511,leitores
2513,ronaldo
2514,mestre
2515,eleitores
2516,crítico
2517,restaurante
2518,básica
2519,audiência
2520,novidade
2521,competência
2523,esteja
2524,corrida
2526,pronto
2527,tancredo
2528,sorriso
2530,subiu
2531,carnaval
2532,votar
2534,esperava
2535,honra
2536,estrelas
2537,parque
2538,físico
2539,pernas
2541,ampla
2542,tomada
2543,irregularidades
2544,new
2545,completo
2546,chamou
2547,acusações
2548,universo
2549,assassinato
2551,shows
2552,estação
2553,suspensão
2554,sexual
2555,padrão
2556,científica
2557,prejuízo
2558,mantém
2559,quilômetros
2560,ouvido
2561,esposa
2562,nu
2563,posições
2564,melhorar
2565,evolução
2566,férias
2567,fatores
2568,dona
2570,david
2571,indicado
2572,cenas
2573,malan
2574,economista
2575,levando
2576,funcionário
2577,concentração
2578,católica
2579,resolução
2580,judiciário
2582,tentando
2583,maia
2584,ouviu
2585,importa
2586,integrar
2589,respectivamente
2590,perde
2591,jardim
2592,disseram
2593,prevista
2594,caetano
2595,ciro
2596,pedindo
2597,serve
2598,faça
2599,amiga
2600,ocupou
2601,concurso
2602,variação
2603,emissora
2604,ligados
2605,cut
2606,terem
2607,sinais
2608,verão
2609,uruguai
2610,excesso
2611,iam
2612,miséria
2613,ficando
2614,colegas
2615,equilíbrio
2616,hélio
2618,engenheiro
2619,reis
2620,noites
2621,datafolha
2622,achava
2623,irá
2624,parreira
2625,seção
2626,cresceu
2628,encontrado
2629,manifestações
2630,negou
2631,gonçalves
2633,doente
2634,garcia
2635,equipes
2636,provavelmente
2637,poderes
2638,habitantes
2639,permitir
2640,mostram
2641,diabo
2642,lógica
2643,arma
2645,homenagem
2646,escolher
2647,mata
2648,fugir
2649,cadeia
2650,mandou
2651,assistência
2652,fechar
2653,campanhas
2654,usa
2655,escreve
2656,consigo
2657,explicação
2659,segredo
2660,reeleito
2661,haja
2662,argentino
2663,comparação
2664,sexta
2665,lança
2666,fará
2667,êxito
2668,morais
2669,endereço
2670,econômicas
2671,comunista
2672,brancos
2673,tradicionais
2674,árvores
2675,psb
2676,incluindo
2677,alencar
2678,defende
2679,aplicações
2680,petista
2681,guarda
2682,fiscais
2683,fé
2684,museu
2685,permanente
2686,cheia
2687,camisa
2688,renúncia
2689,parceria
2690,computadores
2691,belém
2692,trabalhou
2693,motorista
2694,investigações
2695,benefícios
2696,cartão
2697,equivalente
2698,alagoas
2699,indústrias
2700,michael
2702,estabelecer
2703,quarta
2704,cuba
2705,transferência
2706,daniel
2707,afonso
2708,soube
2709,pesquisadores
2710,precisam
2712,freitas
2713,desemprego
2714,elétrica
2715,atingir
2716,constante
2717,inteligência
2718,fortaleza
2719,academia
2720,vento
2721,moderna
2723,assinado
2724,ernesto
2725,animal
2726,pôr
2727,diretório
2728,bolsas
2729,deverão
2731,trouxe
2732,bernardo
2733,marielle
2734,identidade
2735,investidores
2736,compras
2737,erros
2738,rural
2739,morreram
2740,chegam
2741,autonomia
2742,marketing
2743,cruzeiros
2744,falava
2745,crescer
2746,achar
2748,suspeita
2750,araújo
2751,pedra
2752,aumentou
2753,dom
2754,digo
2755,pressões
2756,infantil
2757,velhos
2758,chances
2759,utilização
2761,níveis
2762,decidir
2763,anúncio
2764,coragem
2765,cavalo
2766,revistas
2767,manteve
2769,clubes
2770,clara
2771,stj
2772,tse
2773,paraguai
2775,delegação
2776,proprietário
2777,empregos
2778,bicho
2779,mauro
2780,goleiro
2781,continuam
2782,realizou
2783,cobrança
2784,atuar
2785,milhares
2786,índios
2787,continuidade
2788,aprovou
2789,solo
2790,iv
2791,perdas
2792,farias
2794,mensagem
2795,assistir
2796,vindo
2797,cozinha
2798,marques
2799,houvesse
2800,garante
2801,faziam
2802,favela
2803,extensão
2804,mercados
2805,má
2806,hospitais
2807,banespa
2808,trecho
2809,exclusivamente
2811,san
2812,cálculo
2813,alvo
2814,cláudio
2815,véspera
2816,tiver
2817,subir
2818,faria
2819,causas
2820,osvaldo
2821,transformar
2822,descobrir
2823,situações
2824,conquista
2826,companheiro
2827,excelente
2828,leste
2829,infância
2830,externo
2831,terminou
2832,corpos
2833,caro
2834,imóveis
2835,entregue
2836,altas
2837,indica
2839,derrotado
2840,rápida
2841,bernardes
2842,normas
2844,universidades
2845,pensando
2846,composição
2847,imóvel
2848,engenharia
2849,apoiou
2850,possíveis
2851,recorde
2852,escala
2853,clássico
2854,virou
2855,viúva
2856,tucano
2857,desafio
2858,dormir
2859,combater
2860,mineiro
2861,coletivo
2863,seguiu
2864,possibilidades
2865,nela
2868,diálogo
2869,sindical
2870,plenário
2871,holanda
2872,experiências
2873,vejo
2874,telecomunicações
2875,envolvimento
2876,comuns
2878,celso
2880,pacote
2881,atentado
2882,oferecer
2883,diferenças
2884,ataques
2885,revolta
2886,cria
2887,positivo
2889,confirmou
2890,rarará
2891,domínio
2892,peixoto
2893,certas
2894,humor
2895,aumentos
2896,pago
2897,suplência
2898,doce
2900,considerar
2901,cantor
2902,possam
2903,aposentadoria
2904,materiais
2905,começam
2906,reuniões
2907,fator
2908,esforços
2909,apartamento
2911,bases
2912,levantamento
2913,espanhol
2914,coleção
2916,procurando
2917,consequência
2918,comida
2919,escrita
2920,colocado
2921,atingiu
2922,econômicos
2923,atuou
2924,juntamente
2926,folhas
2928,atraso
2929,luis
2930,império
2931,investir
2932,aceita
2933,olho
2934,festas
2935,bloco
2936,saldo
2939,pedidos
2940,critérios
2941,parecem
2943,flor
2944,comer
2945,publicidade
2947,interventor
2948,recentemente
2949,vírus
2950,cidadão
2951,religião
2952,lados
2953,transformação
2954,dura
2955,houver
2956,aeronáutica
2957,formar
2958,nações
2959,tiro
2960,fechado
2961,cujos
2962,mora
2963,décadas
2964,gil
2966,pouca
2967,circunstâncias
2968,macedo
2969,conseguiram
2970,método
2971,lisboa
2972,inimigo
2973,bolso
2974,evidente
2975,contos
2976,rumo
2977,sentia
2978,opções
2979,freire
2980,acreditar
2981,acompanhado
2982,empréstimo
2983,condenado
2984,geraldo
2985,vermelho
2986,sensação
2987,inteiramente
2988,viagens
2989,chapéu
2990,usados
2991,sócio
2992,preferência
2993,conversar
2994,roteiro
2995,pelé
2997,rossi
2999,carneiro
3000,músicos
3001,nisso
3002,interpretação
3003,importados
3004,aranha
3005,fiquei
3006,adiante
3007,finanças
3010,ocorrer
3011,lideranças
3012,mendonça
3013,beira
3014,teste
3015,alterações
3016,juscelino
3017,tio
3020,profissão
3021,intelectuais
3022,urvs
3024,feira
3025,dever
3027,adoção
3029,determinado
3030,conflitos
3031,manaus
3032,roma
3033,naturalmente
3034,tarifas
3035,circulação
3036,consumidores
3037,cesta
3038,particulares
3039,jânio
3040,transportes
3041,ganho
3042,fiscalização
3043,sebastião
3044,convidado
3045,franceses
3046,supermercados
3048,bipartidarismo
3049,desenho
3050,determinou
3051,perfil
3052,crescente
3053,imaginação
3054,designado
3055,organizações
3056,reuniu
3057,pegar
3058,empate
3059,assinatura
3060,raimundo
3061,cerimônia
3063,retirada
3065,ruim
3066,ford
3069,extremamente
3070,compositor
3071,vieram
3072,acontecimentos
3073,argumento
3074,classes
3075,rui
3076,usuários
3078,veículo
3079,negociar
3080,explosão
3081,âmbito
3082,gaúcho
3083,passe
3084,flávio
3086,achou
3087,trechos
3088,produtor
3089,mensal
3090,par
3091,balanço
3092,retornou
3093,participantes
3094,teto
3095,mistura
3096,madeira
3097,anual
3099,usando
3100,debates
3101,absoluta
3102,professora
3103,concorrer
3104,cabe
3105,ambas
3106,interessados
3107,amizade
3108,rico
3109,convidados
3110,guilherme
3111,wilson
3112,tomando
3113,partidas
3114,azevedo
3115,profunda
3116,faturamento
3117,progressista
3118,envolvidos
3119,colocou
3120,rendimento
3121,pura
3122,descoberta
3123,necessidades
3124,bateu
3125,prefeitos
3126,sentiu
3127,eventual
3128,liga
3130,barão
3131,desenvolver
3133,fusão
3134,litoral
3135,fórmula
3136,superiores
3137,braga
3138,registrou
3139,samba
3140,necessários
3141,muda
3142,conceitos
3143,potencial
3144,dju
3145,benefício
3146,aparecer
3147,agremiação
3148,c
3150,leonel
3151,elemento
3152,indo
3153,confusão
3155,diária
3156,vá
3157,licença
3159,vivem
3161,largo
3162,testes
3163,constitucionais
3164,adolescentes
3165,autorização
3168,meninos
3169,torneio
3170,especialistas
3171,conter
3172,álvaro
3173,enviou
3174,sono
3175,moderno
3176,marcas
3177,esporte
3178,mortes
3179,fechamento
3180,envolvendo
3181,absolutamente
3182,ocorrido
3183,explicou
3184,diminuir
3185,aproximadamente
3186,viana
3187,juízes
3188,usuário
3189,quinta
3190,produtividade
3191,talento
3192,estranho
3193,mente
3194,aeroporto
3195,geralmente
3196,organizado
3197,sofrer
3198,saia
3199,visando
3200,editora
3202,eleitos
3203,chefes
3204,polêmica
3205,independência
3207,mínima
3208,cobertura
3209,ouvidos
3211,perguntas
3212,dentes
3213,olha
3214,márcio
3215,capazes
3216,aliados
3217,discos
3218,creio
3219,artes
3220,unidas
3221,pessoais
3222,passageiros
3225,leia
3226,provável
3228,pacientes
3230,exemplos
3231,moraes
3232,vira
3233,zagueiro
3234,manifesto
3239,anda
3242,confederação
3243,adesão
3244,lúcia
3245,exportação
3246,escândalo
3247,shopping
3249,normalmente
3251,aparelho
3252,passeio
3253,levaram
3254,alfredo
3255,essencial
3256,laterais
3257,inteira
3258,briga
3260,pf
3261,parlamento
3262,meta
3263,informática
3264,morro
3265,cristo
3266,anistia
3267,útil
3269,apresentada
3270,lateral
3271,práticas
3272,comunistas
3273,estarão
3274,angeles
3275,ombros
3277,coletiva
3278,vinham
3279,nilo
3280,histórica
3281,classificação
3282,plena
3283,estiver
3284,motta
3285,considerados
3286,sentimentos
3287,existentes
3288,monte
3289,figuras
3290,revelou
3291,integração
3292,escravos
3293,aniversário
3294,advogados
3297,cientistas
3299,tido
3301,reflexão
3302,sente
3303,joga
3304,bósnia
3305,lixo
3306,faço
3308,usada
3309,torcedores
3310,mediante
3311,assumindo
3312,serviu
3313,espaços
3314,médica
3315,diretora
3316,vos
3317,financeiros
3318,bonita
3319,times
3320,dedos
3321,robert
3322,zero
3323,propôs
3324,cineasta
3325,cúpula
3326,segue
3327,sozinho
3328,corre
3329,edmundo
3330,agrícola
3331,marcar
3333,cai
3334,elevação
3335,aceitou
3336,cep
3337,ficará
3338,confronto
3339,viva
3340,treinamento
3341,doenças
3342,correia
3343,cabelo
3345,acrescentou
3346,canadá
3347,província
3348,pro
3349,pensão
3351,oficialmente
3352,sítio
3353,motor
3354,tabela
3355,prestígio
3356,ordens
3357,portuguesa
3358,institucional
3359,centros
3360,amante
3361,entraram
3362,deixaram
3363,montar
3365,aula
3366,italiana
3367,seio
3368,promete
3369,fortuna
3370,kubitschek
3371,fronteira
3372,judicial
3374,ajuste
3375,tr
3376,graves
3377,cavalcanti
3378,trabalhador
3379,niterói
3380,funcionar
3381,estabelecimento
3383,avesso
3384,procedimento
3385,ofício
3386,meados
3387,aprender
3389,manoel
3390,desfile
3391,inicialmente
3392,camargo
3393,faixas
3394,bill
3396,batalha
3397,eleger
3398,vantagens
3399,discussões
3400,critério
3401,fábio
3402,circuito
3403,fontes
3404,reino
3405,utilizado
3406,procurador
3407,imediato
3409,eletrônica
3410,conselheiro
3411,regionais
3412,semelhantes
3413,choque
3414,posteriormente
3415,riqueza
3416,tristeza
3417,debaixo
3418,elegeu
3419,riscos
3420,marechal
3421,alternativas
3422,marcha
3423,colômbia
3424,sergipe
3425,determinação
3426,individual
3427,á
3428,matou
3429,leilão
3430,concorreu
3431,pintura
3432,curiosidade
3434,fuga
3435,próximas
3437,trajetória
3438,promotor
3439,empossado
3440,terrível
3442,equipamento
3443,promulgação
3444,platéia
3445,chamados
3446,limpeza
3447,correntes
3448,ocupação
3449,enfrenta
3450,trabalham
3451,famoso
3453,sales
3454,parou
3457,renunciou
3458,bordas
3459,reunir
3460,navio
3461,emissão
3462,feridos
3463,silveira
3464,criticou
3466,alimentação
3467,ondas
3468,estradas
3469,bater
3470,tira
3471,bonito
3472,cujas
3473,categorias
3475,lucros
3476,bomba
3477,finais
3478,presidiu
3479,promoção
3480,pagamentos
3481,james
3482,imediata
3483,interinamente
3484,capa
3485,conhecidos
3486,socialista
3487,ditadura
3488,afirmar
3489,olhando
3490,naturais
3493,divulgado
3494,produz
3496,parede
3497,invasão
3498,ciclo
3499,bar
3500,automóveis
3501,definido
3502,tensão
3503,morumbi
3504,nesses
3505,japonês
3506,humberto
3508,sabendo
3509,repressão
3510,destas
3511,alteração
3512,recentes
3513,agenda
3514,trazia
3515,restaurantes
3516,necessárias
3517,executiva
3518,entrevistas
3519,carteira
3520,bandeira
3521,nogueira
3522,transição
3523,nascimento
3524,luciano
3525,cidadãos
3526,aprovar
3527,rita
3528,letra
3529,afirmação
3530,sonhos
3531,valorização
3532,parentes
3534,fio
3535,vinho
3536,planeta
3537,herói
3538,ponte
3539,juro
3540,aluguel
3541,alemã
3542,moura
3543,afirmando
3544,sérvios
3545,permitiu
3546,pedras
3547,composta
3548,aumenta
3549,filhas
3550,controlar
3551,podiam
3552,líquido
3553,parcela
3554,paredes
3555,perfeitamente
3556,prestar
3557,nega
3558,entusiasmo
3559,retirar
3560,presidentes
3561,jurídica
3562,baixos
3563,pib
3564,mandado
3565,tóquio
3566,aponta
3567,amplo
3568,depósitos
3569,analisar
3570,pescoço
3571,gostaria
3572,esquecer
3573,autoria
3574,multa
3576,imaginar
3578,considerou
3580,europeus
3581,colega
3582,inverno
3583,definitivamente
3584,organizar
3585,fiesp
3586,febre
3587,salas
3588,porte
3589,conhecia
3590,ficção
3592,centrais
3594,raça
3595,fixa
3596,radical
3597,justo
3598,contava
3599,concepção
3600,canal
3601,apurar
3603,mandar
3604,privados
3605,casar
3606,unicamp
3607,resultou
3608,acidentes
3609,ricos
3611,eficiência
3612,convênio
3613,estrela
3614,itens
3615,marinho
3616,cpc
3617,liberação
3618,bienal
3619,investigar
3620,forem
3622,partiu
3623,coloca
3624,prioridade
3625,cantora
3626,bairros
3627,auxiliar
3630,turismo
3631,perceber
3632,visitas
3633,correu
3634,indivíduo
3635,rurais
3636,penal
3637,querendo
3640,vergonha
3641,nobre
3643,firme
3645,turma
3646,trocar
3647,george
3648,acham
3649,mario
3650,juízo
3651,posterior
3652,tratado
3653,vivia
3654,pensava
3655,concluir
3656,peru
3657,fama
3658,promessa
3659,noção
3660,tirou
3661,mecanismos
3662,mostrando
3663,disponíveis
3664,editorial
3665,lembrança
3666,caminhos
3667,apurou
3668,comprimento
3671,correndo
3672,quente
3673,básico
3674,acm
3675,séculos
3676,remédio
3677,inimigos
3678,global
3679,safra
3680,rodovia
3681,jornalismo
3682,restrições
3683,rebeldes
3685,utilizar
3686,seres
3687,floresta
3688,mello
3689,coordenação
3690,árvore
3691,recebendo
3692,cantar
3693,diariamente
3694,desespero
3695,vendidos
3696,termina
3697,micro
3698,familiar
3699,ampliação
3700,lucena
3701,cérebro
3703,viajou
3704,pires
3706,obrigação
3707,domingos
3708,visitar
3709,traficantes
3710,walter
3711,organismo
3712,oportunidades
3713,sos
3714,humanidade
3715,elenco
3716,conquistar
3717,afastamento
3718,ampliar
3719,salão
3720,observação
3721,gerar
3722,reconhecer
3723,nunes
3724,abertas
3725,falei
3726,duração
3727,cassação
3728,reajustes
3729,multidão
3730,comitê
3731,mínimos
3732,armadas
3733,orgulho
3734,substituir
3735,precisava
3736,fundamentais
3737,compreender
3738,cabral
3739,sampaio
3740,costume
3741,avaliar
3742,intenções
3743,células
3745,críticos
3746,recuperar
3747,barra
3748,ala
3749,conceição
3750,toma
3751,profundo
3753,pensou
3754,industriais
3755,apoiado
3756,privadas
3758,dirigido
3759,costuma
3760,inglesa
3761,vozes
3762,criando
3763,cecília
3764,aproveitar
3765,loucura
3766,estrangeiras
3767,arnaldo
3768,terminar
3769,representar
3770,informa
3771,sucessor
3772,suécia
3773,formal
3774,droga
3775,luxo
3776,charles
3777,senhores
3778,residência
3779,preparar
3780,preparação
3781,pobreza
3782,suíça
3783,atrair
3784,paciência
3785,perdendo
3786,ligações
3787,vencedor
3788,revolucionário
3789,divulgou
3790,bndes
3791,saíram
3792,atinge
3793,remuneração
3794,lutar
3795,iniciar
3796,familiares
3797,vôo
3798,trinta
3799,soma
3800,recorrer
3801,refere
3802,provar
3803,palestra
3804,coréia
3805,continuava
3806,temperatura
3807,ba
3808,paciente
3809,licitação
3810,identificar
3811,seminário
3812,postura
3813,disciplina
3814,rentabilidade
3815,progresso
3816,repetir
3817,complexo
3818,icms
3819,versos
3820,trem
3821,meninas
3822,admite
3824,descobriu
3825,v
3830,batalhão
3831,abreu
3832,juarez
3833,vendido
3834,demora
3835,participaram
3836,telê
3837,permanência
3838,cuidados
3839,concessões
3840,digital
3842,janelas
3843,receberam
3844,preocupado
3845,piauí
3846,físicas
3848,câncer
3849,cadeiras
3850,exigência
3851,destinado
3853,armando
3854,roda
3855,pretendia
3856,esperando
3857,isabel
3858,infeliz
3859,ligada
3860,nomeação
3861,companhias
3862,treino
3863,núcleo
3864,censura
3865,sofre
3866,proprietários
3867,adotar
3868,símbolo
3869,fita
3870,colaboração
3871,ruth
3872,métodos
3873,cândido
3874,exigências
3875,cruzeiro
3876,comunicações
3877,atração
3878,julgar
3879,britânico
3880,efetivo
3881,william
3882,sentidos
3883,potência
3884,ódio
3885,ribeirão
3886,liderado
3887,soluções
3888,pleno
3889,encarregado
3890,indivíduos
3891,psicologia
3892,haveria
3893,trama
3894,alemães
3896,daria
3897,réu
3898,afastado
3899,pertence
3901,pp
3902,esquerdo
3903,correspondente
3904,pinheiros
3905,provocar
3906,estariam
3908,fracasso
3909,lembro
3910,efetivamente
3911,tia
3912,rapazes
3913,aparecem
3914,prazos
3915,dezenas
3916,merece
3917,entendimento
3918,larga
3919,mangas
3920,alíquota
3921,exercendo
3922,pôs
3923,fluxo
3924,aluno
3925,alcance
3926,aborto
3927,j
3928,formando
3929,máxima
3931,intensa
3932,feminino
3934,provisório
3935,elevado
3936,bancário
3937,registrado
3938,exigir
3939,dirigir
3940,agente
3941,produzido
3942,levava
3943,chegava
3944,site
3945,entende
3946,trabalhava
3947,representam
3948,tavares
3949,sá
3950,propor
3951,piano
3952,entregar
3953,recebem
3954,científico
3955,transferido
3956,existir
3957,esperanças
3958,emergência
3959,levante
3960,livres
3961,donos
3962,ambiental
3963,russo
3964,dores
3965,paul
3966,jurídico
3967,podendo
3968,jair
3969,facilmente
3970,realizados
3971,margens
3972,durou
3973,contatos
3974,baseado
3976,proibição
3978,fse
3979,basicamente
3980,avanço
3981,presidenciais
3982,sivam
3983,bento
3984,ramo
3985,prestação
3986,missa
3987,miami
3988,turistas
3989,claramente
3990,jurídicas
3991,fiel
3992,plástico
3993,apuração
3994,torres
3996,senhoras
3997,discursos
3998,universal
4000,jogou
4002,surge
4003,otávio
4004,relacionamento
4005,banho
4006,sbt
4008,álcool
4009,divergências
4010,puro
4011,obtido
4012,filósofo
4014,fechada
4015,cdbs
4016,soldado
4017,prado
4018,obtendo
4019,povos
4021,conseqüência
4022,baile
4023,segundos
4024,interessa
4025,favelas
4026,enviar
4027,criados
4028,brito
4029,sinto
4030,rubião
4031,personalidade
4032,exemplares
4033,venha
4034,forro
4035,cumprimento
4036,conquistou
4037,aldo
4038,ufir
4039,vistas
4040,desenhos
4041,colocação
4042,mistério
4043,chegado
4045,jogando
4046,senso
4047,tendências
4049,jardins
4050,impeachment
4051,y
4052,rigor
4053,necessariamente
4054,felipe
4055,característica
4056,toca
4057,ti
4058,chuvas
4060,divulgar
4061,solidariedade
4062,guarani
4063,errado
4064,correio
4067,grito
4068,europeu
4069,duro
4072,embaixada
4073,centenas
4074,fotografia
4075,substituto
4076,projeção
4077,chave
4078,vende
4079,iniciada
4080,sertão
4081,alcançar
4082,dantas
4083,antigas
4084,politicamente
4085,costumes
4086,comentários
4087,empregado
4088,canções
4089,ética
4090,pão
4091,califórnia
4092,brilhante
4094,milton
4095,acreditam
4096,saindo
4097,rodada
4099,repórter
4100,decidido
4101,votado
4102,estima
4103,votações
4105,sabemos
4106,junta
4107,ipmf
4108,explicações
4109,visual
4110,nessas
4111,incêndio
4112,escritores
4113,apresentam
4114,praias
4115,versões
4116,seca
4117,minuto
4118,diretas
4120,vizinhos
4121,fria
4122,aproximação
4123,particularmente
4124,orestes
4125,couro
4126,perna
4127,pe
4128,legais
4129,fundou
4130,diria
4131,consultor
4132,assessores
4133,responde
4134,disponível
4135,acabam
4136,emoção
4137,largura
4138,compreensão
4139,rodrigo
4140,rir
4141,albuquerque
4142,windows
4143,testemunhas
4144,sessões
4145,respostas
4147,consequências
4148,aplicar
4149,convocação
4150,ativa
4151,determinada
4152,geisel
4153,acordos
4154,emissoras
4156,externos
4159,satisfação
4160,edifício
4161,comprou
4162,marcação
4163,define
4164,contribuições
4165,acontecendo
4166,superar
4167,longos
4170,ficaria
4171,envolve
4172,conto
4173,índio
4174,auxílio
4175,tucanos
4176,distante
4177,estruturas
4178,ensaio
4179,propõe
4180,separação
4181,profundamente
4182,individuais
4183,tornando
4184,seguindo
4185,preparado
4186,levantar
4187,salvar
4188,procuradoria
4189,padrões
4190,assalto
4191,mantido
4192,literária
4193,retrato
4194,encontram
4195,prometeu
4196,prejuízos
4198,ótimo
4199,percentual
4200,moças
4201,liminar
4202,integral
4203,possuem
4205,diga
4206,prefere
4207,instalada
4208,quilos
4210,composto
4211,fax
4213,deixado
4214,básicos
4215,teresa
4216,tenente
4217,salto
4218,pagos
4219,orlando
4220,lançada
4221,del
4223,fique
4224,facilidade
4225,executivos
4227,fechando
4228,convencer
4229,hotéis
4230,exames
4232,rel
4233,finalidade
4234,encontrava
4235,sócios
4236,paralelo
4238,cuidar
4239,citado
4240,amin
4241,mecanismo
4242,inspiração
4243,cópia
4244,comunidades
4245,previa
4246,todavia
4247,atlântica
4248,contratação
4250,abrindo
4251,petroleiros
4252,curta
4253,caminhão
4254,assinou
4255,prepara
4256,lins
4257,nariz
4258,impede
4259,bebeto
4260,virar
4261,glória
4262,definitiva
4263,cerveja
4264,italianos
4265,recusa
4266,ilegal
4267,maneiras
4269,aparentemente
4270,verba
4271,garantiu
4272,bolívia
4273,administrativo
4275,leito
4276,fronteiras
4277,pátria
4278,iguais
4279,fiat
4280,organizadores
4281,clóvis
4282,associações
4285,barcelona
4286,vingança
4287,modernização
4288,celular
4289,aurélio
4291,receitas
4292,óleo
4293,laboratório
4294,fila
4295,economistas
4296,menem
4297,causou
4298,software
4299,pop
4300,decidiram
4301,assistente
4302,placa
4303,duarte
4304,abandonar
4305,agir
4306,consenso
4307,jogadas
4308,poema
4309,observou
4310,acredito
4311,unido
4312,thomas
4313,relativamente
4314,fruto
4315,constitui
4316,cobrar
4317,benedito
4318,agrícolas
4319,superfície
4320,papa
4321,oposicionista
4323,arquitetura
4324,assegurar
4325,arroz
4326,ingresso
4327,hollywood
4329,negativo
4330,góis
4332,baiano
4333,levam
4334,cotação
4335,prorrogação
4336,hábito
4337,narrativa
4338,estoques
4339,vitórias
4340,ingressos
4341,disputou
4342,deputada
4343,américo
4344,realiza
4345,punição
4346,gênio
4347,corredor
4348,cidadania
4349,queriam
4350,morta
4351,lembrou
4352,bordo
4353,rogério
4354,funcionalismo
4355,compromissos
4356,introdução
4357,el
4358,depressa
4359,rios
4361,indígenas
4362,destinados
4363,comentar
4364,determinar
4365,verificar
4366,favoráveis
4367,virtual
4368,organizada
4369,hugo
4370,qualidades
4371,inteligente
4372,exibição
4374,ajudou
4375,secretária
4378,saudade
4379,dimensão
4380,legislativos
4381,perfeito
4382,providências
4383,desgraça
4384,conselhos
4385,vendeu
4386,armado
4387,n
4388,corresponde
4389,viram
4390,rt
4391,parágrafo
4393,colaborou
4394,aposta
4395,móveis
4396,linda
4397,comício
4398,deixava
4399,renovação
4401,item
4402,toque
4403,tentativas
4404,hermes
4405,cheiro
4406,vidro
4407,viajar
4408,pegou
4410,novidades
4411,conversas
4412,alerj
4413,tomadas
4414,fizesse
4415,wagner
4416,ganhos
4417,repercussão
4418,religioso
4419,pedaço
4420,devemos
4421,simpatia
4422,riso
4423,regina
4424,chamadas
4425,observar
4426,internas
4427,entrando
4428,proteger
4429,perguntar
4430,extremo
4431,relativa
4432,guerreiro
4433,contando
4434,graus
4435,gostava
4437,aparelhos
4438,voltando
4439,protestos
4440,repertório
4442,juventude
4443,dallari
4444,conseguem
4446,subiram
4447,motoristas
4448,kg
4449,feminina
4450,viveu
4451,iniciativas
4452,raro
4454,arthur
4455,justa
4456,falam
4457,cousa
4458,completar
4459,acabamentos
4460,resende
4461,divulgada
4462,sustentação
4463,representou
4464,destinada
4465,vereadora
4466,sugere
4467,procurava
4468,mensagens
4469,tivessem
4470,limeira
4471,garoto
4472,fizera
4473,sigilo
4475,conheço
4477,significado
4478,mineira
4479,balança
4480,antena
4481,acompanhou
4482,restante
4483,reivindicações
4484,modificações
4485,copacabana
4487,lance
4488,fraude
4489,ama
4490,pauta
4491,indenização
4492,expectativas
4493,deixam
4494,indispensável
4495,identificação
4496,vivos
4497,prévia
4498,percepção
4499,ligadas
4500,acerca
4501,frases
4502,extrema
4503,vossa
4504,acabava
4505,prata
4506,permanecendo
4507,comecei
4508,bispo
4509,tomado
4510,incidente
4512,propriedades
4513,dê
4514,gastar
4515,estiveram
4516,andava
4517,suicídio
4518,mental
4519,governista
4520,determina
4521,aventura
4522,morar
4523,ibirapuera
4524,eficiente
4525,cólera
4526,instalado
4527,estuda
4528,despeito
4529,calma
4531,trimestre
4532,lucas
4533,florianópolis
4535,estácio
4536,desconto
4537,daquelas
4538,complementar
4540,le
4541,propriamente
4542,continente
4543,câmera
4544,berlim
4545,alíquotas
4547,manda
4548,sobe
4549,jornada
4550,mérito
4551,atletas
4553,higiene
4554,enviada
4555,disto
4556,seguido
4557,utilizados
4558,patente
4559,leão
4561,governamental
4562,tradução
4563,facilitar
4564,estranha
4567,argumentos
4570,chorar
4571,avalia
4572,tecnologias
4575,opiniões
4576,formato
4578,caixas
4579,prêmios
4580,decote
4581,clássicos
4582,depósito
4583,viação
4584,gaspar
4585,apresentações
4587,longas
4588,imensa
4589,escravo
4590,redor
4591,quadra
4592,presa
4593,massas
4594,rapariga
4595,rompimento
4596,músico
4597,michel
4598,liberais
4599,fraco
4600,contemporânea
4601,dirceu
4602,tragédia
4603,radicais
4604,matemática
4605,eletrônico
4607,religiosa
4608,regular
4609,barato
4610,término
4611,fernanda
4612,elias
4613,acumulado
4614,quinto
4615,álbum
4617,fundador
4618,d
4619,comendador
4620,vera
4621,pratos
4622,deodoro
4623,circular
4624,inscrições
4625,abertos
4626,simon
4627,retomada
4628,escapar
4629,eleitorado
4630,publicados
4631,parada
4632,japoneses
4633,pintor
4634,gp
4635,acusou
4636,tende
4637,mensais
4638,carmo
4639,ministérios
4641,jazz
4642,começava
4643,civilização
4644,sudeste
4645,pareciam
4646,voltaram
4647,pessoalmente
4648,metas
4649,encontrados
4650,inferiores
4651,alegando
4652,reconhece
4653,sons
4654,dirigida
4655,moedas
4656,deseja
4657,sindicais
4658,perfeita
4659,acabaram
4661,preta
4662,mariana
4663,eis
4664,devo
4665,transformou
4666,períodos
4667,ilusão
4668,escolar
4669,musicais
4670,regulamentação
4671,ideia
4672,fabricantes
4673,terror
4674,auditório
4675,ocupa
4676,participa
4677,consideração
4678,suspeitas
4679,encontros
4681,correto
4682,maceió
4684,formam
4685,exclusiva
4686,richard
4687,jackson
4688,definida
4689,componentes
4690,to
4691,sensibilidade
4692,ouvindo
4693,estimular
4694,cresce
4695,reduzido
4696,plantas
4697,créditos
4698,recessão
4700,morava
4701,melhoria
4703,caras
4704,proporção
4705,colo
4707,cordeiro
4708,prédios
4709,nuvens
4711,tecidos
4712,permanece
4713,humanas
4714,resgate
4715,escuro
4716,documentário
4717,ayrton
4718,aviões
4719,pretexto
4720,obrigatório
4721,juan
4722,apelo
4723,morre
4724,mexicana
4725,financiar
4726,incluir
4728,viola
4729,capitalismo
4730,quinze
4731,ganham
4732,curioso
4733,açúcar
4735,cemitério
4736,canais
4737,absurdo
4738,passagens
4739,militantes
4740,inscrição
4741,inevitável
4742,goya
4743,espelho
4744,chagas
4745,aposentadorias
4747,anunciar
4748,atacar
4749,jean
4750,inclusão
4751,horror
4752,biblioteca
4753,pano
4754,adotada
4756,editor
4757,abuso
4758,acompanha
4760,cocaína
4761,prp
4762,interessado
4763,gama
4764,fmi
4765,queremos
4766,preconceito
4767,ouvi
4768,cópias
4769,limitação
4770,dispõe
4771,negar
4772,episódios
4773,drama
4774,entregou
4775,consulta
4776,revolucionários
4777,f
4778,falcão
4779,básicas
4780,andamento
4781,superintendente
4782,mandatos
4783,gravação
4784,apresentadas
4785,tivemos
4786,satisfeito
4787,reformulação
4788,atacantes
4789,baseada
4790,raiva
4791,cooperação
4792,usou
4794,és
4797,escada
4798,cotidiano
4799,viria
4800,úteis
4801,ppb
4802,fantasia
4803,ouvia
4805,primo
4806,gasto
4807,algodão
4808,inocêncio
4809,indicar
4810,dp
4811,articulação
4812,aquisição
4813,gratuito
4814,ante
4815,vaidade
4816,cruel
4817,bb
4819,vôlei
4820,siqueira
4821,secundário
4822,salariais
4824,aguiar
4825,fundado
4826,entram
4828,comédia
4830,ranking
4831,estética
4832,barco
4834,urbana
4835,vizinho
4836,segmento
4837,caio
4838,tratava
4839,inferno
4841,areia
4842,estabelece
4843,dirigente
4844,buarque
4845,referentes
4846,lançamentos
4847,sacrifício
4848,produziu
4849,conheceu
4850,mota
4851,convicção
4852,quantos
4853,põe
4854,encontrada
4855,atingido
4856,antunes
4857,remédios
4858,especialista
4859,cirurgia
4860,sofrimento
4861,usam
4862,inauguração
4864,lua
4865,velhas
4866,alerta
4867,raios
4868,petrópolis
4869,ombro
4871,teorias
4872,sociedades
4873,prima
4874,muro
4875,extraordinário
4876,caderno
4877,amarelo
4878,suposto
4879,registrados
4880,empenho
4881,cortar
4882,chicago
4883,procedimentos
4884,dirigiu
4885,mexicano
4886,gráfica
4887,específico
4888,renovadora
4889,pronta
4891,tática
4892,índia
4894,elaborar
4895,ironia
4896,fomos
4897,faces
4898,petrobras
4899,gado
4901,dará
4902,beijo
4903,sc
4904,consiste
4905,clássica
4906,judeus
4907,crer
4908,comerciante
4909,bruno
4910,invés
4911,cigarro
4912,cartões
4913,fábricas
4914,garantias
4915,envolvido
4916,carr
4917,ameaças
4919,compensação
4920,arquivos
4921,navios
4922,compor
4924,acervo
4925,impulso
4926,fenômenos
4927,vasconcelos
4928,preocupações
4929,permanecer
4930,penas
4931,mecânica
4933,provoca
4934,zagalo
4935,nuclear
4936,sujeitos
4938,receio
4939,cristina
4940,rica
4941,pega
4942,desconhecido
4944,carolina
4946,cortes
4947,cariocas
4948,óbvio
4949,financiamentos
4950,apresentados
4951,achei
4952,virgem
4953,consultoria
4954,vazio
4955,gola
4956,armada
4957,diminuição
4958,causar
4959,austrália
4960,ai
4961,concorrentes
4962,quisesse
4963,fumo
4964,definitivo
4965,trilha
4966,operários
4967,sorrindo
4968,assume
4969,violenta
4970,louco
4971,caíram
4972,reconheceu
4973,publicar
4974,dante
4975,fórum
4976,floriano
4977,cintura
4978,cheque
4979,bezerra
4980,venezuela
4981,elegante
4982,delegacia
4983,levantou
4984,instauração
4985,ingleses
4987,volante
4988,séria
4989,paisagem
4990,pó
4992,guia
4993,estágio
4994,entrevistados
4995,desenvolvido
4996,vestidos
4997,anteriormente
4998,perspectivas
